# mysql> select * from pool_reward_released where code='1591702994585442';
+-------+---------------------+---------------------+------------------+---------------------+-------------+------------+-------------+-------------+--------+
| id    | gmt_create          | gmt_modified        | code             | date                | income_from | released   | income      | reward      | period |
+-------+---------------------+---------------------+------------------+---------------------+-------------+------------+-------------+-------------+--------+
|  1395 | 2020-10-22 00:10:15 | 2020-10-22 00:10:15 | 1591702994585442 | 2020-10-16 00:00:00 |           1 | 0.15600000 | 28.08800000 | 30.20000000 |      1 |
|  3111 | 2020-10-22 00:10:34 | 2020-10-22 00:10:34 | 1591702994585442 | 2020-10-17 00:00:00 |           1 | 0.15600000 | 28.08800000 | 30.20000000 |      2 |
|  4827 | 2020-10-22 00:10:52 | 2020-10-22 00:10:52 | 1591702994585442 | 2020-10-18 00:00:00 |           1 | 0.15600000 | 28.08800000 | 30.20000000 |      3 |
|  6543 | 2020-10-22 00:11:10 | 2020-10-22 00:11:10 | 1591702994585442 | 2020-10-19 00:00:00 |           1 | 0.15600000 | 28.08800000 | 30.20000000 |      4 |
|  8259 | 2020-10-22 00:11:29 | 2020-10-22 00:11:29 | 1591702994585442 | 2020-10-20 00:00:00 |           1 | 0.15600000 | 28.08800000 | 30.20000000 |      5 |
|  9975 | 2020-10-22 00:11:47 | 2020-10-22 00:11:47 | 1591702994585442 | 2020-10-21 00:00:00 |           1 | 0.15600000 | 28.08800000 | 30.20000000 |      6 |
| 11691 | 2020-10-23 00:15:16 | 2020-10-23 00:15:16 | 1591702994585442 | 2020-10-22 00:00:00 |           1 | 0.15604000 | 28.08800000 | 30.20000000 |      7 |
| 13407 | 2020-10-24 00:15:15 | 2020-10-24 00:15:15 | 1591702994585442 | 2020-10-23 00:00:00 |           1 | 0.15604000 | 28.08800000 | 30.20000000 |      8 |
| 15123 | 2020-10-25 00:15:15 | 2020-10-25 00:15:15 | 1591702994585442 | 2020-10-24 00:00:00 |           1 | 0.15604000 | 28.08800000 | 30.20000000 |      9 |
| 16839 | 2020-10-26 00:15:16 | 2020-10-26 00:15:16 | 1591702994585442 | 2020-10-25 00:00:00 |           1 | 0.15604000 | 28.08800000 | 30.20000000 |     10 |
+-------+---------------------+---------------------+------------------+---------------------+-------------+------------+-------------+-------------+--------+
10 rows in set (0.01 sec)

mysql> select sum(relseased) from pool_reward_released where code='1591702994585442'; 
ERROR 1054 (42S22): Unknown column 'relseased' in 'field list'
mysql> select sum(released) from pool_reward_released where code='1591702994585442';      
+---------------+
| sum(released) |
+---------------+
|    1.56016000 |
+---------------+
1 row in set (0.01 sec)



解决时间筛选提现列表导出无效的问题
給用户打款后，发短信通知和邮件通知
按新提需求，统计出已提币用户， 并在提现导出表格中增加一列，标示用户是否已提过币
矿池收益定点统计表中增加原值算力和有效算力统计
同步预生产数据库逻辑修改，解决因类型错误导致矿工列表为空的问题